dataset,implementation,subject,agreement_%
defog,fp32 (portable),1,100.0
defog,fp32 (portable),2,100.0
defog,fp32 (portable),3,100.0
defog,fp32 (portable),4,100.0
defog,fp32 (portable),5,100.0
defog,fp32 (portable),6,100.0
defog,fp32 (portable),7,100.0
defog,fp32 (portable),8,100.0
defog,fp32 (portable),9,100.0
defog,fp32 (portable),10,100.0
defog,fp32 (portable),11,100.0
defog,fp32 (portable),12,100.0
defog,fp32 (portable),13,100.0
defog,fp32 (portable),14,100.0
defog,fp32 (portable),15,100.0
defog,fp32 (portable),16,100.0
defog,fp32 (portable),17,100.0
defog,fp32 (portable),18,100.0
defog,fp32 (portable),19,100.0
defog,fp32 (portable),20,100.0
defog,fp32 (portable),21,100.0
defog,fp32 (portable),22,100.0
defog,fp32 (portable),23,100.0
defog,fp32 (portable),24,100.0
defog,fp32 (portable),25,100.0
defog,fp32 (portable),26,100.0
defog,fp32 (portable),27,100.0
defog,fp32 (portable),28,100.0
defog,fp32 (portable),29,100.0
defog,fp32 (portable),30,100.0
defog,fp32 (portable),31,100.0
defog,fp32 (portable),32,100.0
defog,fp32 (portable),33,100.0
defog,fp32 (portable),34,100.0
defog,fp32 (portable),35,100.0
defog,fp32 (portable),36,100.0
defog,fp32 (portable),37,100.0
defog,fp32 (portable),38,100.0
defog,fp32 (portable),39,100.0
defog,fp32 (portable),40,100.0
defog,fp32 (portable),41,100.0
defog,fp32 (portable),42,100.0
defog,fp32 (portable),43,100.0
defog,fp32 (portable),44,100.0
defog,fp32 (portable),45,100.0
defog,int8 (portable),1,100.0
defog,int8 (portable),2,99.9193
defog,int8 (portable),3,99.8174
defog,int8 (portable),4,99.7759
defog,int8 (portable),5,99.9841
defog,int8 (portable),6,99.5508
defog,int8 (portable),7,99.8475
defog,int8 (portable),8,99.5182
defog,int8 (portable),9,99.8334
defog,int8 (portable),10,99.9378
defog,int8 (portable),11,99.4053
defog,int8 (portable),12,99.8426
defog,int8 (portable),13,99.9353
defog,int8 (portable),14,99.8353
defog,int8 (portable),15,99.5229
defog,int8 (portable),16,99.877
defog,int8 (portable),17,99.8443
defog,int8 (portable),18,100.0
defog,int8 (portable),19,99.8761
defog,int8 (portable),20,99.9273
defog,int8 (portable),21,99.6143
defog,int8 (portable),22,99.9406
defog,int8 (portable),23,99.5862
defog,int8 (portable),24,99.9239
defog,int8 (portable),25,99.9007
defog,int8 (portable),26,99.6652
defog,int8 (portable),27,99.8385
defog,int8 (portable),28,99.7924
defog,int8 (portable),29,99.9224
defog,int8 (portable),30,99.9782
defog,int8 (portable),31,99.6364
defog,int8 (portable),32,100.0
defog,int8 (portable),33,99.9121
defog,int8 (portable),34,99.7071
defog,int8 (portable),35,99.5327
defog,int8 (portable),36,99.758
defog,int8 (portable),37,99.6645
defog,int8 (portable),38,100.0
defog,int8 (portable),39,99.94
defog,int8 (portable),40,99.9726
defog,int8 (portable),41,99.5347
defog,int8 (portable),42,99.6656
defog,int8 (portable),43,99.7947
defog,int8 (portable),44,99.9499
defog,int8 (portable),45,99.1817
FoG-STAR,fp32 (portable),1,100.0
FoG-STAR,fp32 (portable),2,100.0
FoG-STAR,fp32 (portable),3,100.0
FoG-STAR,fp32 (portable),4,100.0
FoG-STAR,fp32 (portable),5,100.0
FoG-STAR,fp32 (portable),6,100.0
FoG-STAR,fp32 (portable),7,100.0
FoG-STAR,fp32 (portable),8,100.0
FoG-STAR,fp32 (portable),9,100.0
FoG-STAR,fp32 (portable),10,100.0
FoG-STAR,fp32 (portable),11,100.0
FoG-STAR,fp32 (portable),12,100.0
FoG-STAR,fp32 (portable),13,100.0
FoG-STAR,fp32 (portable),14,100.0
FoG-STAR,fp32 (portable),15,100.0
FoG-STAR,fp32 (portable),16,100.0
FoG-STAR,fp32 (portable),17,100.0
FoG-STAR,fp32 (portable),18,100.0
FoG-STAR,fp32 (portable),19,100.0
FoG-STAR,fp32 (portable),20,100.0
FoG-STAR,fp32 (portable),21,100.0
FoG-STAR,fp32 (portable),22,100.0
FoG-STAR,int8 (portable),1,100.0
FoG-STAR,int8 (portable),2,100.0
FoG-STAR,int8 (portable),3,100.0
FoG-STAR,int8 (portable),4,100.0
FoG-STAR,int8 (portable),5,100.0
FoG-STAR,int8 (portable),6,100.0
FoG-STAR,int8 (portable),7,99.1961
FoG-STAR,int8 (portable),8,100.0
FoG-STAR,int8 (portable),9,99.596
FoG-STAR,int8 (portable),10,99.2467
FoG-STAR,int8 (portable),11,100.0
FoG-STAR,int8 (portable),12,99.4774
FoG-STAR,int8 (portable),13,100.0
FoG-STAR,int8 (portable),14,99.7167
FoG-STAR,int8 (portable),15,99.7967
FoG-STAR,int8 (portable),16,99.5475
FoG-STAR,int8 (portable),17,100.0
FoG-STAR,int8 (portable),18,99.6255
FoG-STAR,int8 (portable),19,99.0398
FoG-STAR,int8 (portable),20,100.0
FoG-STAR,int8 (portable),21,100.0
FoG-STAR,int8 (portable),22,100.0
