model,dataset,variant,parameter_bytes,max_abs_prob_diff,decision_agreement_%,false_alarms_per_hour,coverage_%,timely_%,specificity,d_fa,d_cov,d_timely,criterion,met
lab,defog,fp32,274952,0.0,100.0,150.653922,78.56,17.705736,0.658578,0.0,0.0,0.0,,
lab,defog,fp16 weights,139528,0.001059,99.997985,150.653922,78.56,17.705736,0.658585,0.0,0.0,0.0,P1 fp16,True
lab,defog,int8 weights,75920,0.038265,99.807887,150.799014,78.56,17.705736,0.657648,0.145092,0.0,0.0,,
lab,defog,int6 weights,58992,0.153463,99.506284,149.106273,78.72,17.955112,0.660837,-1.547649,0.16,0.249377,,
lab,defog,int4 weights,42064,0.584348,97.800109,149.541549,77.92,16.708229,0.670054,-1.112372,-0.64,-0.997506,,
lab,defog,W8A8,75920,0.185796,99.33298,150.944106,78.88,17.206983,0.65545,0.290184,0.32,-0.498753,P1 W8A8,True
lab,FoG-STAR,fp32,274952,0.0,100.0,103.663986,65.060241,20.779221,0.652217,0.0,0.0,0.0,,
lab,FoG-STAR,fp16 weights,139528,0.000467,99.960282,103.663986,65.060241,20.779221,0.652217,0.0,0.0,0.0,P1 fp16,True
lab,FoG-STAR,int8 weights,75920,0.022791,99.731903,104.37891,65.060241,20.779221,0.654342,0.714924,0.0,0.0,,
lab,FoG-STAR,int6 weights,58992,0.143246,99.20564,106.523682,65.060241,20.779221,0.657175,2.859696,0.0,0.0,,
lab,FoG-STAR,int4 weights,42064,0.353237,97.775792,102.234138,63.855422,18.181818,0.661425,-1.429848,-1.204819,-2.597403,,
lab,FoG-STAR,W8A8,75920,0.076672,99.434018,104.37891,65.060241,20.779221,0.6525,0.714924,0.0,0.0,P1 W8A8,True
home,defog,fp32,274952,0.0,100.0,13.83211,71.84,8.977556,0.886024,0.0,0.0,0.0,,
home,defog,fp16 weights,139528,0.001608,99.996641,13.83211,71.84,8.977556,0.885986,0.0,0.0,0.0,P1 fp16,True
home,defog,int8 weights,75920,0.023429,99.807887,13.928838,71.68,8.977556,0.885926,0.096728,-0.16,0.0,,
home,defog,int6 weights,58992,0.18692,99.358505,13.541926,72.32,8.478803,0.887354,-0.290184,0.48,-0.498753,,
home,defog,int4 weights,42064,0.268167,98.324724,15.089574,72.48,8.72818,0.874941,1.257465,0.64,-0.249377,,
home,defog,W8A8,75920,0.181247,99.446501,14.31575,71.2,9.476309,0.885374,0.48364,-0.64,0.498753,P1 W8A8,True
