window,processing_ms,decision_delay_ms,boottime_s
0.0000,3.3391,3.3661,0.0034
1.0000,23.9390,24.7635,0.5248
2.0000,5.0679,5.9651,1.0060
3.0000,5.9256,6.9321,1.5069
4.0000,10.3229,10.6547,2.0107
5.0000,11.7166,12.0289,2.5120
6.0000,11.7721,11.9430,3.0119
7.0000,13.8162,14.0556,3.5141
8.0000,19.8133,20.7442,4.0208
9.0000,19.6912,20.2878,4.5203
10.0000,21.1355,21.5131,5.0215
11.0000,12.5089,13.4187,5.5134
12.0000,25.1710,25.6950,6.0257
13.0000,24.6778,25.8180,6.5258
14.0000,24.8641,25.1974,7.0252
15.0000,27.5712,28.3579,7.5284
16.0000,36.9799,37.7937,8.0378
17.0000,27.5783,28.0586,8.5281
18.0000,36.3926,37.8598,9.0379
19.0000,35.1320,35.6017,9.5356
20.0000,26.1003,26.4661,10.0265
21.0000,35.8094,36.7195,10.5367
22.0000,34.8748,36.5433,11.0366
23.0000,33.6448,34.7505,11.5348
24.0000,32.9598,33.9496,12.0340
25.0000,35.1204,36.7529,12.5368
26.0000,36.4400,36.9340,13.0370
27.0000,36.6938,37.1609,13.5372
28.0000,34.4903,34.7728,14.0348
29.0000,32.5097,33.1314,14.5331
30.0000,35.2961,36.3394,15.0364
31.0000,32.0304,32.5643,15.5326
32.0000,36.4970,38.0717,16.0381
33.0000,34.7712,35.4140,16.5354
34.0000,34.2561,34.5888,17.0346
35.0000,34.4859,34.8574,17.5349
36.0000,34.9643,36.0973,18.0361
37.0000,35.3975,36.1763,18.5362
38.0000,36.7750,37.7424,19.0378
39.0000,36.4502,37.6618,19.5377
40.0000,34.6847,35.4067,20.0354
41.0000,36.7416,38.1851,20.5382
42.0000,34.9556,36.6281,21.0366
43.0000,35.7846,36.7237,21.5367
44.0000,34.1087,34.4066,22.0344
45.0000,36.8118,37.7720,22.5378
46.0000,29.3912,30.6010,23.0306
47.0000,36.5707,37.5503,23.5376
48.0000,35.1428,36.2544,24.0363
49.0000,36.7247,37.7386,24.5378
50.0000,37.7907,38.7188,25.0387
51.0000,35.0662,35.8456,25.5359
52.0000,19.6343,20.3547,26.0204
53.0000,36.7527,37.9062,26.5379
54.0000,33.9601,34.8291,27.0348
55.0000,33.8035,34.7236,27.5347
56.0000,36.8805,37.8009,28.0378
57.0000,31.6897,32.6122,28.5326
58.0000,36.7332,37.1638,29.0372
59.0000,35.7024,36.1197,29.5361
60.0000,36.6460,37.5731,30.0376
61.0000,36.3185,37.5078,30.5375
62.0000,37.0382,38.0151,31.0380
63.0000,19.1143,19.8036,31.5198
64.0000,37.1375,38.8641,32.0389
65.0000,33.9584,34.9280,32.5349
66.0000,31.1919,31.7569,33.0318
67.0000,37.2548,38.2061,33.5382
68.0000,36.3504,36.7517,34.0368
69.0000,34.2986,35.1785,34.5352
70.0000,30.4166,31.5760,35.0316
71.0000,26.9367,27.7262,35.5277
72.0000,33.9766,35.5453,36.0356
73.0000,35.4240,36.5342,36.5366
74.0000,35.7932,36.6782,37.0367
75.0000,33.3716,34.4605,37.5345
76.0000,36.4484,37.8611,38.0379
77.0000,34.4401,35.5764,38.5356
78.0000,36.3591,37.2239,39.0374
79.0000,35.2693,36.1363,39.5362
80.0000,32.7715,33.9136,40.0339
81.0000,37.1434,38.1008,40.5381
82.0000,34.1528,35.0100,41.0350
83.0000,37.3348,38.4880,41.5385
84.0000,36.2054,37.1254,42.0371
85.0000,34.6000,35.4129,42.5354
86.0000,36.2664,37.1979,43.0372
87.0000,36.4026,37.5047,43.5375
88.0000,35.9102,36.2630,44.0363
89.0000,30.8514,31.5310,44.5315
90.0000,37.5527,37.9962,45.0380
91.0000,33.8510,34.5779,45.5346
92.0000,36.0658,37.1973,46.0372
93.0000,36.8961,37.9053,46.5379
94.0000,34.4312,35.2659,47.0353
95.0000,34.6096,34.8734,47.5349
96.0000,35.1403,35.9929,48.0360
97.0000,34.5152,35.3250,48.5353
98.0000,34.4898,34.8500,49.0349
99.0000,42.7274,43.1200,49.5431
100.0000,34.4187,35.2967,50.0353
101.0000,37.7145,38.1562,50.5382
102.0000,36.6237,38.1286,51.0382
103.0000,35.7675,36.1636,51.5362
104.0000,32.8988,33.5124,52.0335
105.0000,36.6477,38.3216,52.5383
106.0000,31.4073,31.7336,53.0317
107.0000,36.5291,37.5438,53.5376
108.0000,33.8078,34.4445,54.0345
109.0000,36.6602,37.6032,54.5376
110.0000,18.5372,20.0463,55.0201
111.0000,34.8795,35.9184,55.5359
112.0000,36.0527,36.3885,56.0364
113.0000,35.0325,35.3547,56.5354
114.0000,35.0447,35.9392,57.0360
115.0000,30.9957,31.2323,57.5312
116.0000,21.9773,22.4519,58.0225
117.0000,32.6965,33.5495,58.5336
118.0000,18.9484,19.1856,59.0192
119.0000,14.6224,14.8389,59.5148
120.0000,26.5772,27.2422,60.0272
121.0000,33.6442,34.5236,60.5345
122.0000,30.9759,31.3994,61.0314
123.0000,34.0046,34.3513,61.5344
124.0000,30.7412,31.1910,62.0312
125.0000,34.8891,35.7060,62.5357
126.0000,24.2037,24.4942,63.0245
127.0000,37.1956,37.6437,63.5377
128.0000,35.3456,36.0801,64.0361
129.0000,6.0804,6.2019,64.5062
130.0000,6.1577,6.2908,65.0063
131.0000,33.1812,33.9515,65.5340
132.0000,23.1252,23.6472,66.0237
133.0000,7.7350,7.9103,66.5079
134.0000,36.8529,38.8603,67.0389
135.0000,33.0042,33.3734,67.5334
136.0000,18.6829,19.7358,68.0197
137.0000,32.0627,32.4925,68.5325
138.0000,37.2445,38.3743,69.0384
139.0000,36.8588,38.2670,69.5383
140.0000,26.4427,26.8649,70.0269
141.0000,26.2956,27.4914,70.5275
142.0000,18.1589,18.8791,71.0189
143.0000,36.7078,38.9534,71.5390
144.0000,34.5646,35.7449,72.0358
145.0000,35.4744,36.5099,72.5365
146.0000,32.7654,33.8844,73.0339
147.0000,36.4726,37.9099,73.5379
148.0000,34.5358,36.2157,74.0362
149.0000,36.4419,36.8055,74.5368
150.0000,33.8921,35.0412,75.0351
151.0000,35.3148,36.4892,75.5365
152.0000,33.8533,35.2479,76.0353
153.0000,34.8467,36.0228,76.5360
154.0000,35.1952,36.3424,77.0364
155.0000,35.4490,36.6160,77.5366
156.0000,36.8978,38.0243,78.0380
157.0000,34.8330,35.9159,78.5359
158.0000,35.1589,36.2629,79.0363
159.0000,36.9657,38.1753,79.5382
160.0000,36.0230,36.9792,80.0370
161.0000,35.7047,37.1009,80.5371
162.0000,35.9301,37.0820,81.0371
163.0000,36.7493,37.9151,81.5379
164.0000,34.7190,35.8687,82.0359
165.0000,33.2758,34.3676,82.5344
166.0000,34.8370,36.6790,83.0367
167.0000,36.2535,37.6830,83.5377
168.0000,35.7740,36.9248,84.0369
169.0000,34.0804,34.9813,84.5350
170.0000,33.1835,34.2372,85.0342
171.0000,35.7937,37.0031,85.5370
172.0000,34.0739,35.5618,86.0356
173.0000,36.2989,36.7135,86.5367
174.0000,36.6986,36.9982,87.0370
175.0000,35.3606,36.5267,87.5365
176.0000,33.1666,34.2385,88.0342
177.0000,35.3902,36.5825,88.5366
178.0000,33.1747,34.2795,89.0343
179.0000,36.2172,36.5933,89.5366
180.0000,33.3700,34.7951,90.0348
181.0000,34.5941,35.7260,90.5357
182.0000,35.0122,36.2131,91.0362
183.0000,22.8448,23.7231,91.5237
184.0000,26.0732,27.2956,92.0273
185.0000,26.4694,26.9418,92.5270
186.0000,23.8688,24.9723,93.0250
187.0000,36.6243,37.8311,93.5379
188.0000,35.2552,36.8137,94.0368
189.0000,36.0998,37.1755,94.5372
190.0000,32.7900,33.6236,95.0336
191.0000,35.5863,35.9447,95.5360
192.0000,33.4006,34.2093,96.0342
193.0000,18.3421,18.5396,96.5185
194.0000,33.7172,34.8619,97.0349
195.0000,31.9402,32.9643,97.5330
196.0000,33.6103,34.7439,98.0348
197.0000,36.4207,37.6271,98.5376
198.0000,35.3413,36.4732,99.0365
199.0000,39.8924,40.1555,99.5402
200.0000,35.9595,36.9388,100.0370
201.0000,35.6336,36.7159,100.5367
202.0000,40.6444,40.9595,101.0410
203.0000,36.5149,37.6904,101.5377
204.0000,35.9292,37.1237,102.0371
205.0000,33.0551,34.0909,102.5341
206.0000,35.3222,36.4781,103.0365
207.0000,33.6479,34.7714,103.5348
208.0000,33.5936,34.6989,104.0347
209.0000,31.3475,32.4037,104.5324
210.0000,32.0446,33.0030,105.0330
211.0000,34.2213,35.7534,105.5358
212.0000,35.9479,37.1605,106.0372
213.0000,33.1631,34.2070,106.5342
214.0000,35.9112,37.1041,107.0371
215.0000,32.9621,34.0101,107.5340
216.0000,33.5160,34.5102,108.0345
217.0000,34.2720,35.3517,108.5354
218.0000,38.7278,40.1486,109.0402
219.0000,33.9604,34.8110,109.5348
220.0000,36.1213,37.5294,110.0376
221.0000,35.8051,36.9718,110.5370
222.0000,37.2855,38.3934,111.0384
223.0000,33.9420,35.0062,111.5350
224.0000,34.5039,35.6294,112.0356
225.0000,35.5133,36.7125,112.5367
226.0000,32.8960,33.9466,113.0340
227.0000,36.3169,37.9459,113.5380
228.0000,34.2017,35.6980,114.0357
229.0000,34.2614,35.7348,114.5357
230.0000,33.2581,34.2088,115.0342
231.0000,36.6680,37.8653,115.5379
232.0000,33.2761,34.3451,116.0344
233.0000,34.7743,35.8610,116.5359
234.0000,35.0780,35.4971,117.0355
235.0000,34.7113,36.2421,117.5363
236.0000,33.1868,34.6706,118.0347
237.0000,22.8302,23.5651,118.5236
238.0000,34.0470,34.9191,119.0349
239.0000,15.5851,16.1462,119.5162
